Name,Age
pxZjP,98
BODrr,29
gSFoj,47
ByTGO,92
RqeTo,27
JswWS,22
HWQKV,75
opRGv,44
kYecN,19
EcKZk,80
Ynuhh,99
HRwog,62
SDosM,33
VhmyC,36
mZCIe,43
BGAnw,38
NaAXh,85
mkzxL,79
qwwXk,23
wNwbW,19
JUWcM,24
waNxH,41
yfzBa,35
laOGE,71
zRKdH,48
YeZKJ,99
tueVi,50
XbLlh,81
hQajP,55
XoYXC,31
TreXg,35
ZIVwM,31
HDzqF,21
khiUE,85
JiqyB,64
cGhqV,51
fHJQA,43
oWQZq,76
BTZmQ,98
YsGKo,66
MYDJq,32
XqbfL,64
NQUJU,95
Klmrs,93
zFnOJ,63
tAJmX,63
pnstu,24
pTaPJ,88
rlTsK,34
SfHRf,81
dsoaE,21
Akldc,91
jwraa,100
WSZPf,56
OsrXQ,36
nvpkW,80
vunYx,19
DXmpL,79
Zhlmq,67
pgOWh,95
HDuBf,98
jjWSl,81
vQtkT,61
mKbax,65
IJljr,32
HLAku,32
xGgWJ,30
qxxrr,50
WSdpj,38
uHfyA,97
mWSDq,72
RSmhw,93
HRCXW,76
oWjgQ,69
pfmVc,62
bZQkx,24
alShP,38
Tuyyg,30
taWNg,80
VpuCd,70
FzxEr,37
eFSwk,69
aKhPE,74
hqLFr,85
GBKbd,35
FQELM,77
GQPjq,72
EolTC,61
ecizN,82
lLieE,21
yyaGN,73
KBFwV,80
SlJgy,75
XMnPX,31
JGqAK,52
cCHMG,49
ZVIFr,35
zIENC,94
hUoUC,47
YNzyR,87
Bwaov,21
mreXr,65
bmdNT,39
nfkti,94
jPTAL,80
lCtRA,67
UOSTj,44
JzQgz,30
uwbvJ,20
fofcc,60
xBIdV,95
ipGRF,76
MaAkz,63
JQxPG,21
qgedO,38
pewqB,19
iHyzK,79
FjUEX,69
qiXWZ,73
CgqpB,93
Zcaqv,48
EGFXY,87
oxTDo,26
jIenf,76
fboux,18
UQMcx,78
IiblV,54
dsciI,82
edsho,31
JmtsA,45
Jzasm,75
EvVcg,18
OxKtl,86
pDsMa,57
ZxlcR,35
txNtd,81
ujLXI,93
xplzl,65
ERScb,24
sMqlF,80
LIoqV,19
Xyhtq,41
bFFCE,90
xPVtz,51
POczy,67
dsPCJ,53
fZeLh,24
Dfdcn,35
dJute,65
WrGYQ,72
XdaIO,92
iQWWW,50
VBqLo,48
UZNXJ,79
kSkVI,52
SjKYh,56
GxJLu,66
kjmDN,58
TcUGJ,70
dUfAo,66
MLVpB,66
xVeoy,34
iNftx,29
QrXBj,54
SNdtA,91
ZQrFA,20
iIebe,53
BmobM,90
hkykY,94
XBrJX,38
QYyMy,96
xiANM,58
cvfeO,57
ZNgZc,39
qNjRH,83
VNuIs,99
ujnzh,100
uRKMy,92
VXqQH,94
Cjjui,73
WDlWn,52
NomIj,59
kNaqA,76
vOxjP,65
bCDQU,42
ROiqL,84
ZOPrk,71
iXkrb,76
EniHg,64
rgXhg,67
cJACO,24
rEFjp,67
POXLD,42
IqqZa,80
uwrJl,55
bBnKP,85
YZcnm,88
kdscJ,75
DIqcZ,68
KljCJ,20
IyHKy,19
YHMxU,43
kMFEY,37
RebHX,37
njpGk,51
ugxYg,70
ifNFA,48
Kbxbb,63
CvhpT,89
nDBwV,23
JTJbg,35
AGCsX,77
djxtp,68
QCASR,31
Braca,27
JrxAh,81
JhawZ,26
hRhKd,44
SpFHm,84
lHLAx,19
Xwund,30
ezEYg,52
SOqSB,48
XeTYr,18
vQSHa,52
nDaUd,71
Sjzxc,28
EMSZJ,36
QSVyM,21
hMAMq,67
ejCFS,27
bGwBy,65
OvtjU,81
raQqU,22
zJOmQ,72
PmgOg,70
JwZJA,94
XGDeh,24
XgQkW,93
SVjyq,90
feUXU,37
QysEq,33
NAsML,54
UWfrs,40
tsdvP,51
YilaS,50
JOpRD,79
atuga,22
vmSvZ,33
jWiBZ,74
rRdRM,25
ODwFm,63
fLMsh,38
vJYMH,88
EsQDC,83
DxFCr,50
AHDrY,31
TnSsq,43
lxScH,36
yXDEI,78
vEheQ,46
vztpQ,64
JDyef,73
YrhEa,25
BnqBP,85
oCEHn,55
lJBbN,87
GCrWQ,96
WMhAC,41
QpKMt,68
ljZVo,90
nEuuw,91
kTvPq,86
LZvPd,60
zuthp,79
eXsuT,22
rFTOl,58
pBFrK,40
QoEFB,47
eHdOP,89
rYtVS,75
YHvGp,77
vjPWh,95
aqaLY,82
jPVTE,85
pnfAm,96
mmypx,93
jVqui,75
GjaIc,54
RJzso,73
XUnns,84
ubAqk,90
AmVQT,28
OjIOB,86
pdIDx,27
jSPEY,90
bEbpq,67
GGVVQ,41
TjZrs,44
nhslX,37
IkpSK,88
IIFvx,95
hiNgF,20
NoCod,30
FkWQx,23
NVaZL,79
XZGSZ,86
GwZVd,39
vQXUM,65
UPwsW,70
zNhCO,87
wulgR,70
KfpKF,49
rHTUy,96
LVGip,82
tExBM,42
MTKDI,90
Smhyd,53
vzKfx,89
zwFHD,45
iPQjO,52
SRcgo,29
FnnFH,69
zMQEx,91
DpCyL,70
wncZR,20
BbNzK,40
nBAOx,86
bzTZs,41
xExdJ,47
xCpCn,49
UrNZX,84
fCQhz,23
jtEzj,75
peiiY,62
jxZLi,77
vJiMu,32
kTQdk,49
JiRwt,95
OqtyB,78
FEJJQ,55
ApWKC,68
UQXQB,90
xaPZe,82
vwBNg,45
vxMyi,77
SrjRG,95
IYgqn,50
HcKVr,58
jSlHO,20
XRMlw,39
GNgyM,60
HTooM,95
IwuUL,44
cgpax,59
cLKzF,48
YaJcg,79
rNSdg,97
UsszF,70
zyBxt,85
XdpFW,97
mgnob,87
bgTex,73
GczkH,18
ZJrvo,22
lCFoN,20
mHpEz,18
tFCJu,56
HCHNx,57
QVBai,21
vUGfg,45
FdoQO,63
wqUfj,52
lPpzK,65
fanSQ,27
HxLUE,26
ewdWg,91
BDHeI,49
rwuVd,59
gjMVI,19
gCdqS,85
wBvqi,66
bpKvo,53
ronQJ,32
BWKnF,41
ZuFqL,56
zbNBB,25
cVrKx,57
NmLlr,91
jazzq,36
hTGtZ,52
ikkMG,47
yJCKD,51
kAIdi,31
gWsXX,82
qxDkX,44
UJDIT,64
YSFQc,94
BDJtG,65
hBCTP,34
HeScF,92
CCBHU,28
DkrRa,50
rnVPP,18
HKOUG,40
eZeyS,100
LtQCK,72
YmgGy,100
AtiHV,82
mowlj,18
Ggevj,70
tcYaQ,20
PvOsY,47
OEykC,83
wmQMi,81
cUzQW,97
smZXv,82
cXuQm,64
JYnYq,68
DGKrg,24
qtNWO,38
yWnRL,23
jEpku,28
TNFLD,63
ehgJd,65
pWcSx,82
Mnqdi,27
QpFAz,52
LBgYC,96
wztPZ,39
RBQAF,82
ETzeR,43
oBTeY,93
IzJSb,88
QLiCI,68
yqMTg,39
naweW,92
TkCXB,61
wCJfT,94
ObFoo,43
OIOvI,62
BuFcV,89
vWaSv,35
mzIhN,78
BlHyC,56
phpjl,38
DBvEk,44
OXoYT,27
TfdUJ,78
lsQjZ,48
zkjOV,65
QzWzg,85
KmCKM,60
BLTOz,89
ENJNe,66
tJyTh,56
ooQXH,43
QmAZx,20
oUXUt,92
zlUdY,80
ffzvK,42
RELEO,40
hzMYi,28
LyzNn,43
lUPXX,51
Alaug,69
lsAew,32
ohjCh,71
mHnnp,51
UfJga,53
xSemB,66
pCgqr,30
QbSVt,95
pCKYd,86
Wlicj,81
sgnQV,100
iHYii,91
ogguy,80
chDWM,68
bduxx,51
AiAZr,35
Xtdnb,96
vhgiT,49
CRANW,74
SenTk,43
ZGZaZ,31
ZmCtY,69
KXmak,45
FWEMS,49
CYWYZ,74
Tgrwv,49
VWqnd,68
YUBUI,74
fyqTm,50
qxrtj,19
VafPr,83
ZVtSL,19
MqNZy,27
pdlAW,85
uMbsO,66
FVmYk,67
tQxHR,18
CtPed,24
rYpWJ,57
yUuLp,98
mkauj,59
KmwLg,60
HoeBs,28
wBsqQ,41
bPiEl,34
sParD,86
Xhykl,77
eDkrA,58
IvXsU,81
rBgdi,38
vbPAZ,72
mJURi,85
akPam,70
Ybbjr,77
gNcRF,81
QcYZb,30
lAEaa,77
Fuoam,88
zDosq,90
zThCX,63
ykrir,97
IiSNT,21
GUUjx,30
vmyHg,55
eYreT,30
NPYUI,85
tNkbf,43
rlnbp,53
wHLAr,71
lGCOo,36
DVCRr,83
WscOp,24
ngNbU,55
CCfjm,27
qpbVH,98
bgRTD,88
GGJEm,91
DEfwV,77
FmqJX,73
BhJGD,87
VPKnX,39
SeXRN,33
wctNF,55
rYhXa,76
EtsTh,30
djGtv,18
AblPk,81
jyeFc,92
WcFms,36
dsRVg,100
eMAmw,38
XCedg,100
Cyecn,96
QwwhV,33
cmgrs,56
GrmWJ,66
QVtRI,84
OysaK,39
LuyFL,72
jmbpM,90
mSiPC,100
ryQGv,23
AitTX,34
prUik,78
tLGME,55
jdiQi,46
pAaRY,36
QjByu,62
kIWUZ,26
jzPfX,94
GTRwP,100
jKgZd,60
VuMIo,75
dPwmK,41
nmllx,52
sOtGm,35
REIaX,79
EQmNK,18
uQybJ,25
HUoeu,35
FAgrr,27
uzOvH,53
vkEFd,18
EHXej,23
fMHtd,73
GmiKJ,36
FjLYx,54
tPeSl,86
yhTAE,88
pcCBT,78
udmqB,83
NRvCJ,49
wiNBj,55
eebef,41
pyFrk,46
qvtlS,78
KyWYP,52
nRkME,59
tZLMI,95
BejOk,18
fLIzq,95
EoaVx,98
uhuHa,68
eouaE,23
Rscqi,94
VTVdO,47
RIoxz,50
qqhDO,50
vkvOI,59
siqcd,35
InOLY,70
szJdW,42
YHxlO,23
xwluD,38
aEKMy,27
BRdiJ,95
hIYDV,45
OfkCR,25
OfifK,57
HlnmO,24
edwoD,54
muAHA,40
xzUJn,25
wvTXF,25
ChELx,96
aiNAq,56
ujyAn,99
epLRw,25
GLBBP,42
sUuyP,89
icRed,28
YFXcD,42
HxvzI,46
vfvSH,68
HuqCG,84
VIBXh,45
agEZm,52
cuOoY,75
twrwN,30
gFpKi,70
zniej,28
lfnlk,22
niDqw,37
Nfjyp,81
nzlrd,32
WtBUO,89
SmFLG,98
qVVQC,93
uAYNH,64
tMMWz,78
xXqEm,47
OvRfC,93
SLGQU,70
OoOYZ,82
RHsMG,90
SzDqp,39
KHMoT,30
RLrEj,96
tIOTd,43
CQiPI,98
jgsWZ,35
doYRZ,78
vbaUa,67
vKDED,62
ssdeK,29
Xkzjn,57
dVFYH,36
CGLQs,18
HRkFQ,82
yyjsP,53
CalDG,67
zpOkc,56
YzqMT,86
sqhAt,23
RPltQ,74
WBFst,27
FUQuH,61
oXoAP,23
sPvGo,58
DUuZI,57
nKGgl,26
myfvH,36
EIsJQ,22
RSQfi,72
bwzvN,29
PNPwP,71
xeVJg,63
yBIwi,98
ArPwR,85
YwFaB,47
XDPEC,85
LWyut,33
TlvYm,21
dQFpt,29
eCSDJ,47
dGXig,65
jQMil,65
eMVqn,57
bmlci,96
zjwjc,100
RGiEi,44
yEgNK,76
Hkfov,57
KafHz,96
MdfBQ,60
DNnyy,19
pWqxx,74
jaJGQ,20
CGynz,94
wUYAE,31
cWIQa,78
xWrct,78
wlCJc,76
FpqsD,73
ebjWD,32
rJBbF,48
JmmbW,56
LxNIA,46
WNtkQ,67
zLfiU,67
aIcYh,20
uGUKy,37
VpRAL,32
PZSsH,56
IfYRg,72
HefqB,96
TLffR,26
mykwl,98
kDZRg,23
GybBw,63
oAbGi,32
fGHby,24
IEDZU,86
NmObU,79
xzCcV,56
GhQPm,94
HsNFW,39
vgkGO,47
RgMMs,59
WAgTx,92
tcClz,42
PhzYK,81
LPEiS,64
TxVcD,24
qYvgf,23
ejrFF,62
gBZAk,87
kXpRl,86
rTiLm,52
jxEHN,95
XOjTA,80
oyBCg,43
IMckW,75
HIoRM,69
GgCFB,26
ZlXbQ,37
Qpkxm,32
VICKv,19
KPDar,48
SvYBh,43
QvyYJ,82
hPuDA,39
opHjd,32
HcuTr,86
kSjhP,19
WyKhg,67
mVnkn,46
ScPXw,41
Wzjrk,49
kDCXF,79
AyYva,91
TDGPd,47
noEGh,70
KcUlZ,52
MGHoh,90
FzVKe,65
QdkOX,54
ymysl,100
xqZCl,28
ItTbV,65
gtLeD,35
dxzJG,46
iaBuB,37
QCFWn,44
RNDJg,64
RgnLP,46
QYVdx,42
vYuOA,41
rKslZ,69
tJAid,24
gyqvm,46
XDdTH,71
pJrsn,19
abBDE,18
PeoSA,46
UTrEb,37
jiDya,73
OcvKT,83
aWWSE,77
HjRLd,89
dWLrP,21
CvPBc,100
yakhs,68
YYQLD,29
clHCQ,52
vLtIU,74
pXucV,59
ysjaO,24
JZZFg,36
IpmrH,66
cnNZJ,92
vdaLr,61
roEAj,69
ZaeVK,39
CVtWZ,35
JbEoo,82
womQk,39
hzLcW,87
vQSZj,45
WutAm,25
EgmjT,30
qXNjA,96
UVhSH,72
hxLYV,71
NmvXQ,87
XfDDI,69
WGQFG,60
GAYCy,79
jlESQ,25
GoyTZ,98
BiDew,40
TlhaB,87
paRBz,57
SqcOB,98
AqKYB,67
wTDxD,43
QcAoN,97
WFgHi,62
GmcoK,30
ezTNa,70
JgKhl,33
Yvfmt,69
hEmLd,40
yMrzb,51
AvUbN,51
ThtkP,88
wstSI,94
sHIwf,31
bQDya,77
lfWQi,75
gdXhL,57
hDqoc,39
DqEBr,76
TWpIh,80
ErKYA,76
DxudD,95
uFNXv,75
eLEzQ,39
xwZvD,63
lTDMZ,99
dgaut,46
esRHZ,41
jRKMa,59
HTwWl,93
BYugP,92
vTvZI,70
fPCHA,92
xFyGR,97
vsbaV,28
XoBoX,85
ShLOn,75
zFADp,75
xVRXn,44
UdLRv,92
tdAwZ,91
Jpiyk,57
ZGtap,19
TSmfl,54
NgjfS,51
AHFjU,94
eXiKe,74
rFaSa,99
jmqKu,94
RyCuK,18
iKEuy,60
BxRsf,29
RHiLl,70
QpIiR,78
apXaM,81
FMhfg,49
RPVVx,76
SbJuo,62
GKrjL,42
EoIir,52
clwHw,19
fPluQ,76
GBzoA,56
tDGbR,29
haRUD,23
ZHYYz,36
eaTea,86
PdlUC,65
VRHff,27
ejXVB,44
YtwQR,46
KffIi,50
zMGyL,28
kbuSR,65
VdMnr,57
LHotV,85
vmWPt,89
qNxps,57
KSgcS,54
gDHFH,97
DiNVP,31
MeAAQ,42
hoKfZ,42
JoRec,30
Gtqpu,84
pDHfF,78
MMWOe,90
LPiMv,46
Vpslb,98
WmOHQ,30
uvdes,30
nbnCQ,70
emqxx,76
UPzTM,68
MLjpl,44
LJOey,23
oUWAj,63
HlYkA,31
NNJjv,55
YvyVC,64
SEMeB,72
RCHOg,49
OYvjA,94
izUkx,99
lEQMn,37
NqtvC,72
oMDaU,49
Djenl,82
yadvx,60
oFbAy,56
OETMH,97
ZblVt,66
BuowA,72
ecsJC,25
iMHot,63
xTQdU,88
JrAKD,50
jvNvh,68
sVrhN,39
cOWHL,54
rbhHS,60
sxBkb,93
wbGfa,36
OAFQg,74
vzvxZ,39
xLjVd,59
DFQND,36
EdaDv,46
UWycx,62
iTmpT,75
AJIOD,61
LRKFg,34
cMnEY,73
XqrSA,22
LcSmf,58
pyiji,75
TnrDP,83
wAoYO,97
lujXN,86
aLukd,69
yVLMs,95
ODlYl,54
tCTik,24
kvNqy,44
zXpez,30
ZpiCG,97
RYiZy,71
urlUc,79
hrTfJ,23
kyfkv,32
cQiMv,54
TTEST,62
Gtqsg,73
NKIfi,43
JCkVi,42
Dlpil,48
daDUT,37
reIbY,27
MobQw,56
svqBR,69
tUAVz,87
IpYvb,27
aXPAN,96
aHhmG,83
TtdNv,63
YyEOm,79
wCzVe,75
xNToz,40
Wgyqq,62
wTHgM,95
nGzyW,42
PPedw,72
DypDt,52
QNoww,73
IuLzf,83
xkKmD,23
UMpFN,76
KfJfV,50
GUCQs,55
hKtLd,91
rmaDQ,48
YiCjC,81
tKPvo,76
BEBYB,81
MnxGf,100
jDgVY,43
xSFoQ,83
gWfSD,20
nOHmV,65
zwmrx,95
CngnM,49
SzDNW,87
jrILJ,39
TRhTj,83
QwgKF,35
UFddv,81
QtGZq,85
eCVxY,33
vzEjM,57
UmIpr,78
Mmzjx,33
YOHvy,62
YpILv,20
sDoqF,37
sILCe,86
CugCZ,55
GLoiu,78
qxiHY,64
HGuso,59
gXEGf,25
WUMoo,30
EABjd,65
qVFUQ,67
HOLrB,57
UlUCm,39
Urjju,42
gNvGV,34
SSKDX,48
NtubL,35
AFMAC,20
lmUKv,31
oSedL,87
KXIjQ,80
ZktlP,75
fwnCo,32
luWnM,40
DUbFo,66
WdIOv,85
FizYU,72
hLPVj,21
zuyRm,21
GGgfB,72
IpZFY,43
qyngH,93
VKYqP,61
SofHB,86
HOEHE,68
TeCrE,50
hzaiA,32
DBxND,44
USyev,41
DNovB,22
mBand,55
CZahb,48
WDOnT,23
oWTyw,46
VGeRI,74
fjZCr,25
eCOgg,68
CRXwL,34
eOQIR,28
pShJQ,94
qwUns,23
MOOCM,77
ZzxPK,87
fKfPY,24
rLFXs,88
kIVtx,18
jmyBM,96
EeTPR,88
TFgQc,74
efrIr,21
AogTR,88
VozJP,96
oiLPd,39
PyAXM,63
vdcFd,23
cmtWB,62
EdRKI,82
RQXcv,98
vWKyL,74
agtBI,48
HpvlN,72
SAHkI,29
SnGrc,45
phKRH,73
BlBCa,25
wKdOg,76
NvrSG,35
rlCEw,74
spGsR,49
jSBke,21
sgePG,41
Cnowh,26
EuJfN,79
VmUBe,76
djzaE,62
OWuae,98
hLLFI,61
DaWlI,88
Dzhqm,65
zOdUx,93
zBPxs,91
FgeOF,61
PAAEH,18
zpGyE,65
mSECK,69
ejNLa,98
MufZn,84
KNEnG,64
vQpHM,98
rROQa,81
kvDtF,84
UUYGM,32
Kcuuk,72
IBuQj,31
IAgxN,61
IVAVB,37
rMDHm,66
ixUjN,34
MbbxR,77
BzMHR,34
NHNpx,77
aWjyD,62
GsoaU,83
gvmrf,77
rvrnw,28
aYcpt,73
MVSLP,37
nQVjp,67
WWWLG,40
NRRmE,96
xjmBq,58
vGMQe,69
QsBot,21
PTyCG,25
DhSEo,34
fEUbI,38
guDKy,33
nKPBM,24
zMVJS,43
akMXn,27
mVAbM,18
ysauw,92
NdKbj,86
aUBTL,38
sBgQo,96
MTDOj,52
qglMB,82
ZCIRs,69
UNFIN,61
HfxIw,93
MhaUx,23
yFOwh,96
bFSlv,84
tCVMZ,56
VJYzi,71
qJTXs,73
tLrQd,73
UoPRA,95
VMUUc,73
jIiQb,85
HuFBi,61
TWBZR,24
pDXJg,71
AGZrd,81
aFPKA,46
QBayL,72
afffU,22
jKPaF,71
wxPBe,59
vCNsZ,42
OrChB,89
vzGQx,75
VkWUw,83
wtPzo,69
iAfzs,56
iDXgC,73
jqRJi,19
KnsvW,21
ziijT,36
Eepei,96
apzWd,79
gpsSt,37
utaic,98
uPFdf,72
haBGS,40
dvERl,59
TYZnU,29
ZMyFH,74
caDMw,60
paHWe,46
KlqAg,85
GNRBB,45
ljiiO,19
RXYHe,77
UggQK,36
LgJNo,91
pQPeK,87
zdCTn,78
VbXkZ,37
tjPOg,100
fgdpC,98
vkMHr,73
GPtyl,95
BpBYm,89
ysqQm,29
IGokv,49
mVsQN,89
gYFir,20
VUDJO,86
uJTFy,44
fXFJz,45
kBmfI,35
wKqCX,93
HQDwX,36
FFScR,73
KngjZ,22
dCAJc,64
OoEYg,28
cnFas,96
jWJgY,43
AgChA,42
ahdrC,20
fjMPE,45
eyEPg,52
FUjbN,75
QxFMC,68
IbBRp,30
sdZaa,85
PZFnV,47
BSGkZ,24
vVYKR,84
tcuVi,71
ctLxf,94
DqNRR,84
OdHsO,53
oJYvu,71
PAMmW,49
VuYrC,25
DmblA,97
YBWhV,41
CqjKY,89
mdXEm,45
tAHsv,95
vIiIX,35
wEDfj,52
vKNgU,22
CqbRk,77
VXPLS,54
mrQGL,33
IRBwo,22
CPsXS,46
vfpXc,19
HJmNJ,66
fXjKS,90
DgdeZ,20
nLiXh,41
zvcso,77
IGhmP,88
nfLDi,81
zmRuL,21
SHWXN,97
BYvMv,57
nxwfk,87
odifM,34
wFwLC,18
YQPXR,54
Jwmto,41
VnFYN,49
lTteY,84
IxzBH,42
YcRnl,22
ACblr,45
joUEY,49
HAMXj,44
aFsTq,49
xaJVE,41
qWqCy,67
vaWRo,25
mPlfh,75
YWwzg,60
vfDCu,38
fRxwS,51
Yjvqv,79
AdKrD,45
FvVcn,26
jVjPA,35
xhliU,67
xMYIJ,33
WeDvz,70
YKSbo,85
sMFwF,81
YsrvL,89
wbSkH,31
kXAWI,62
yXHbh,52
FsfwQ,72
mixUL,87
bWCGU,98
QlCAf,30
xbuKq,67
MLCTJ,18
riwXA,89
TZAzg,43
baRbN,100
Ibubi,87
jLPIu,72
kbvfH,64
wVrnQ,64
YzyYk,79
TNwLE,97
ZIHMQ,30
MmVlf,100
qsHEf,58
gnYgB,20
JANAu,96
DZyRf,23
WFcRu,93
RJUIS,53
oVdrB,41
ndBRS,96
nspVn,60
qEoSQ,39
LxEtp,39
aXawN,33
QXcAT,42
SGwYH,50
bONVN,86
whltx,91
sjAGr,80
OBCMI,36
QnMEB,80
uxJCJ,21
FVwPn,40
umNrf,80
QPXVa,21
vJiHt,28
wnDvK,78
TYNRW,21
JUrPL,72
dzLaR,62
SLCrq,37
CfhRO,36
dmlkO,28
itfSD,37
WqAzq,22
cIrMJ,30
FQOvO,46
CnhNS,37
xVQot,41
piKrG,97
vkooJ,49
NqLyj,78
xPqSr,32
Trizy,99
CcdRv,49
Pxlcj,92
orwLF,61
BReJG,61
XMEci,53
AFOcr,50
SCUTg,77
eYAUA,86
aJzri,28
ylGow,36
OKogi,35
YVpaw,77
wKGDd,30
NNwFz,18
TEJzl,31
rpqrc,73
qDaOo,60
NWNxf,57
CXEoi,67
JNTXL,69
culRu,45
fIUYx,40
qPOKm,77
asTsU,53
nHUiU,61
AEKrI,52
QzNlT,90
UXdQF,18
NBuZS,86
wlLhu,38
XBQSg,30
aVoWz,85
LaSXP,64
KQXYX,49
puwkM,36
sesAe,96
gYrZh,44
vECmZ,91
LPZbU,82
fkqiQ,56
pluth,58
ieAvN,75
KcXLe,37
yEOVO,84
xkBkb,76
HxQMT,67
uhKJv,50
UZgoV,83
DylWr,91
lgTeL,91
pRhhe,38
YHxdy,31
cCzzY,69
YBybY,79
PLvRz,25
NnHgT,72
ROxCb,84
PXlOs,98
yJlhe,58
bEBVh,71
LfXAx,93
aScfz,89
qmVzo,57
mJZwq,54
tZVQY,74
CVxmz,62
obPaJ,65
tPzXZ,63
sYTRA,72
GmupX,32
ihXRI,82
fSgfm,41
YdidU,79
FOnel,90
RSzfs,82
Fwedp,71
vIaOS,58
eomXj,91
Czyxi,27
dxYxB,36
xPVCy,19
NIXon,61
kPPGW,79
rQHqP,47
Yvsnr,50
WccUW,34
dTJYm,49
DZAjM,95
EMchI,51
kvySM,38
HKWWQ,99
fSaDT,46
gDXFF,100
KeKCD,79
qRwqR,90
uhRZz,72
YPxHQ,55
oWJob,20
mvmiS,90
wKabd,79
wRQTr,57
YdcKa,61
vHXkH,78
RGFTe,81
UbnTX,97
AtelY,74
yownX,100
qeQqz,85
ULvOu,40
xKwfv,84
FwIjr,93
zKHmX,63
iRpyW,62
hYxMt,30
CdEiP,55
sgpEk,65
DHpMH,79
nmnDy,29
FifbO,31
ULYih,48
vvimY,21
BPMnn,57
RajKS,70
tSBOO,70
qdptB,42
qVHhC,77
HgtMW,65
jxeDd,86
OdIQN,61
TEeKq,44
aILcb,42
XxoVy,72
SLjsz,32
RYMNP,59
bAvTK,75
nTBEq,28
kBlgj,43
QpZZF,51
BJDrT,29
BmkfX,44
kdgQs,80
UPBKc,58
OYlEw,23
eyqEg,91
XFzxn,73
nfiyn,91
VgDjJ,83
NRULb,70
UkIGx,62
GrHjx,74
HSnSc,73
FBXoV,49
jyBvq,75
qWRcC,95
ptDRF,62
XMiqZ,46
ZVluP,85
bkEOc,68
rznIS,55
GtPlS,79
XCGaP,70
gYiVi,94
ZAMsh,22
YSNtJ,63
UyLCj,59
FKHNI,99
eMLZZ,38
oYRvb,67
JwclI,39
UOuVk,76
CARVL,56
AcEAb,51
KgXVi,81
yZbNr,59
CEeit,97
puMGb,63
Clvfa,68
mSYqd,27
IMqhf,73
qcItY,29
GFOMx,71
vBeDN,95
LJuWN,34
vXWKQ,92
bYdaa,23
Neczv,60
sOJbL,64
bQuVa,27
qJtHG,67
hRdzV,88
yDoFg,59
kcrMK,66
aUjrC,49
JSrvS,64
dyBaJ,59
jVUJx,22
oCQig,75
XwsNi,48
BAPYb,77
dHaez,27
sPaaC,81
vveUs,95
PkSAP,82
LnoEI,89
KTpwl,61
PnIkJ,41
ISXne,19
eJeAZ,59
BFRTY,29
hbuLI,19
GGqkm,33
GBYfO,53
BEcVH,61
OKlTn,31
Fjywy,66
GctWx,65
VhvSe,47
rMhDp,49
TmlDS,38
cKVKf,30
COJYK,85
rfojV,100
gyFur,74
blPgN,77
RBvbK,75
xViir,67
GAUjO,47
MrlaU,70
uxnZw,98
iJpIc,39
VupqF,98
Akuwg,62
iAhrU,93
BFayd,45
qxnwf,18
KBhbj,26
TbMjT,38
QhbBU,24
qhlEK,94
fTvTz,67
byddk,53
VyTpq,36
PTMLG,80
KEWBL,84
iAqTP,39
PjFhC,30
jGBDe,80
snhmC,63
SrNJc,23
eBNGq,21
oaumx,51
BWLwx,46
FrFhg,50
gWojS,46
GYCuP,71
cUkFn,53
LLJGE,34
vJXJX,92
oJMtG,36
RqmCp,98
NSnAk,89
uxeBs,70
LqlWH,95
JMBPl,67
hKtGj,48
LQkDi,44
UXOkD,98
DBUkK,61
pShax,67
TnDmK,72
ister,87
nIExz,51
jIBKB,44
JtJWO,65
nOoVu,30
zcSUa,72
xUMtU,44
qVFaD,43
qiZuw,51
JhEgO,79
LLGmX,93
bCmRm,20
BZKqn,43
HMKuP,94
UAoyA,90
XrCfA,60
wUfZt,54
gnueC,93
KTXtC,69
UPigZ,42
iRoZR,27
NNmFA,38
aVWwS,33
QMGvy,90
ZzUBs,61
zdUvH,91
soxCX,23
JEYpF,56
oukra,87
HAqNl,43
hcJeR,38
LYCcE,22
UEJWs,69
dHMkP,39
QtROi,56
vAyWU,35
asIvf,92
eFWiz,49
eqMnf,34
BNLkZ,38
FjIVQ,84
BLiZu,75
UbIod,60
LTNzN,96
fanGE,32
uthkK,22
tjYHg,45
dyJWN,78
HASNO,34
geMfi,62
cntPu,18
SbtWE,82
AnvhI,93
gXHZL,59
FpbDx,49
nmPAP,66
nDidn,58
YSASr,49
duNFt,88
dBcTE,44
ABuCW,61
nTfpn,25
nEWhc,32
CwFtg,24
vsuLw,97
YsEGL,64
jJhqM,26
GhJlJ,58
JoHpQ,84
PHAej,84
ksfWB,99
NKPtL,32
ENSjg,52
uioDE,46
PRzMe,63
vJhHZ,56
ebVFP,79
HXuki,89
VNRJR,98
WdKAW,89
hmgtK,48
zgRuY,44
iCnJx,57
gIOid,91
nOiyI,99
gMelY,57
uvzRa,46
BHsoN,99
oBGjU,47
PGqGp,20
sGmbh,76
fybvK,45
YFVkO,59
iaDxW,74
zCLbS,46
sNSSt,90
cGBsM,61
AnMIS,19
tTfEC,94
yEbSb,60
EZHgb,76
sLqpM,64
DEkzE,56
RSttv,70
vjQIG,57
EPyuJ,35
fkaUb,76
eXRjV,76
OZblB,56
ygKaE,85
mpqGO,29
uUmZZ,91
MQqMw,82
fGXMP,25
zuHse,28
weZdH,86
CGenp,97
yDNuE,53
iMHwh,71
pUCvm,92
QkILG,67
kiShW,36
YZkAz,69
bNEwV,79
IogLz,90
xBwmP,21
HSFUe,46
bhskF,48
rcgBb,82
HvZfG,49
UNpsQ,98
qVeUV,47
orHVg,98
hgYPw,32
sRCuF,75
BTjXn,55
GQIZY,38
XfdWK,72
AFnlo,34
mxDSH,27
vFlYM,94
OXNdw,54
IbZSz,50
YVdom,33
aeQBb,84
cFvxs,62
AzziK,39
MrURa,24
OFSsk,92
euBeZ,31
RIUai,28
CfmGw,22
RaeoO,92
whdsZ,30
xKNub,34
gjdZq,67
uGIRf,93
fvbDa,61
OidZd,23
FuFnG,81
UPqmI,96
ROajU,70
iROku,20
HKrsZ,99
TGqFc,68
CqrWC,61
UmkzX,97
eYxZh,87
qMcQD,94
BEolZ,59
qSzWF,76
nbCwg,88
qKCdO,69
ckHAa,47
WAVRV,54
OkRqJ,35
CwWpM,27
gunwH,88
SaYZa,68
VhadQ,57
RLahA,68
aAoRG,90
bYZVB,27
INDzN,36
csJEw,32
aSaIl,58
vZgDA,66
aWmNX,42
WMtRu,93
dWSSt,85
XsGmW,88
pTnGP,36
YxYFc,80
sJvNp,49
DCNny,89
RwVOu,62
TuCvA,43
CTUWb,62
lZvRR,38
ruccD,80
HWFBM,20
mxJDD,36
xGsdv,87
kINSO,25
kkZVd,74
ebKdT,92
geuGK,35
tCIPo,19
bQbKv,92
WIHRa,63
GHIGq,94
LQOkh,36
MjFHd,58
INWRa,88
DAprG,37
JErFm,53
VPSHU,69
ZBKzs,50
TrADK,20
GHHGn,59
uKwKZ,66
TVwYn,51
HvaBc,32
jyUOE,55
TqDLt,91
bhqpM,32
IWUma,25
ACaTi,88
bfrwX,87
gaQes,54
KySWv,38
KRhxT,69
BGRWX,69
ZMMLY,83
PbFMc,45
fWAuF,93
pmlps,49
VEaYo,30
Tpmoy,70
fnWQF,22
BQYSf,97
xdPqr,45
PGqJC,74
MvVdR,45
qvCCX,21
ggIKT,60
SgpQk,79
dVRXZ,32
NRqTj,78
BRdVa,20
cXMzd,71
HPVXf,69
Cedkj,67
CDRdM,76
lafzM,43
TloIz,87
jqlYn,30
WPyhm,61
JgZWS,66
MdDph,78
bWEVl,33
CBtYO,60
nerAk,88
hIeTI,22
JGQQS,23
KyYCz,91
ZZgOP,38
AevUQ,52
kTNqF,29
nKYvR,37
uZOeP,55
lobru,78
ProTD,70
Sjsyc,78
yBxZJ,47
Gwpul,86
BqRaM,37
iEddv,31
ubYIA,24
XvHAO,86
vKcnz,97
kmgFS,28
BTtAx,64
yCioR,92
ZBVpY,73
FGszr,20
uNtMr,38
PszbM,73
HLaBd,60
mQSgo,28
KfUUl,61
JeWpM,71
haBnC,69
BpTRC,51
vYGCh,24
IztgO,58
oQesK,69
Zohcj,75
fgoUE,25
QWWcj,69
osMtt,99
zrhZb,38
Tefek,41
IDQOS,40
XVqlf,97
NlCgu,67
Drsyc,93
CeUlM,59
tUucW,66
vlRyE,42
gDwwt,77
vltxt,57
vQZpj,100
fkHJA,59
mpiOR,53
hgyqQ,63
otclt,74
nBAXz,86
MrSFv,98
bNfZX,40
rQtRO,33
MWwvm,34
PlahT,35
YOGhB,89
ukuUV,79
yQrHT,37
jjTIn,23
aHIhc,44
ybfxB,29
REWHP,46
OQbxA,49
udpHo,26
qXrdj,44
acyfg,55
WxSoj,96
xGntn,23
xdTNW,24
GRmRi,81
vOrhZ,56
eziYq,79
ElzKy,63
EpoUi,55
aDWYx,48
rYazJ,96
cxbUa,39
mwdiE,77
XpCfX,45
KynRT,22
mhMkv,56
uezyu,38
UwNdE,27
VROSH,71
YVygK,21
IWwvO,67
SNoem,43
BDLxO,64
HNfIm,95
hNOLq,49
Kolgm,53
OFJkp,100
FUJpC,82
uwpco,64
dUNTT,92
osztW,77
iNZFm,27
kEkjj,52
LBWrx,43
JHKdQ,39
dRkEc,46
GHZQz,29
IsKrM,60
lFYmR,64
qjxKM,70
MTulK,55
FhrZQ,66
zemvB,24
iPPOj,96
uXfAX,63
IJYMW,22
TTGIT,89
bPpmG,60
pZdfo,62
Xsesd,56
NIUHO,43
dRstc,80
LDaNK,55
esXWv,77
ftYtB,52
HgSfU,63
BwLBw,60
UklxX,29
DAHvh,34
xcpjw,76
TqTMM,64
djUZG,46
rTxXu,36
rxSsK,59
otKxR,47
WqQxx,44
Tqklg,61
FKcAM,44
BEfes,60
bfVfz,31
wKkEk,91
rWCat,31
kFyix,48
yMqeO,18
FRgDe,66
McMJN,27
xgjAI,78
Mgdza,88
BlKZn,94
Vsyrj,62
qVenK,50
OSNvX,39
bKieK,47
hBhel,66
XoUTt,94
raSes,46
XkSMp,100
uTgqI,58
qQOrP,65
qATDN,70
BsoWB,44
Ptmtv,30
VoGGc,22
WMTxo,92
quBRj,23
Eobnw,70
yYMOQ,49
GVYuA,36
KXhPB,73
DNBFo,92
bQbkW,52
aDoEQ,88
Ejfop,32
ptNdt,42
XkDlR,79
wbFnX,91
dIwDR,39
qfGWV,68
GElgR,25
qBJrN,32
WYAZV,31
ekVUU,22
lQixH,37
OPmTd,63
xKVud,50
JYDRc,88
qFbch,77
TmCwr,46
fbdmu,83
pGBID,23
wVCDl,62
hvVgj,53
kPnkR,19
CeOsh,67
KDZTi,95
wZInT,90
ftFTY,56
tGsBz,52
Fxfur,63
kOKRp,34
njONj,35
shREY,99
gtlpK,54
ujHRI,54
RKMQw,55
xTfQu,43
TUhtH,63
mRICr,81
lZUTD,85
epLDb,34
GXtHQ,38
SqfVo,57
DnFRP,73
pwlit,50
ttEYJ,44
HxDHY,88
bbKJv,46
ENfRf,30
FeCEy,18
wbSmP,21
RVdSm,94
RtjEG,23
qhAIN,63
thuvn,93
MsqzM,63
svKjm,47
xATKX,19
YGndv,76
TnLJB,18
juDJV,71
JaSVE,47
puOti,76
IiipB,53
bQMjg,28
dVjpr,46
EnUMQ,36
tTHxo,42
hvETi,80
mPhxg,66
PQfLo,93
JBfxf,82
uVcPa,91
vWznP,24
iSkAG,99
EcYwK,71
VhrgG,27
mrOoi,52
VEETa,37
hLLwo,33
kWIVh,32
PPSBP,81
pYMHm,44
ItFyX,84
sncsg,33
ffbJx,34
XurlA,78
ThIkB,64
xDNsf,38
hWVEM,58
OgOrg,89
XMwVa,77
xjkpq,51
sXDcj,89
buXDD,27
skDuQ,71
dImRh,100
UGhFW,18
WGrwT,30
QmjPr,100
oJtTI,55
kZLdW,27
mHKwJ,54
JnCuC,96
KwQJe,75
EvlqM,80
CQagc,71
fWKJd,56
cGwIN,57
XRkIY,20
nozxt,77
COaOD,100
vTUdb,41
pHhBx,48
XXrju,18
dCnBl,66
meBBA,54
uyyVl,33
naLhk,18
tBByf,98
xBIFR,38
FQtwU,89
kPFFA,54
GSThG,35
lERcF,20
Turpa,31
oyiAh,73
aJuKI,75
QoyER,91
yVCak,59
nfoRS,74
pKPFF,100
ZALyc,27
DdiRz,86
PnfrN,55
XdvmR,49
TkOyx,73
NUQox,81
mNOgb,29
DNCgm,26
rzgRj,54
SxgrV,29
gqVSF,83
cqkST,81
ztTyg,33
gWRRX,58
fIwRF,26
zQidY,25
rTxSJ,74
vMZKv,46
OpaCN,69
aCzjA,21
RWjnh,84
sUwwM,53
HpyJR,92
TLEwN,68
zdnmX,59
gmQSu,57
uvqOD,44
ILHqi,55
xcKvl,52
bPWmR,58
zDHoP,55
xQSsY,74
ENjxc,55
WlQYd,19
OmbYI,95
XFKPI,45
Iplra,27
rDZlC,34
GJRkg,87
bmtgb,44
rsKkI,26
LaSoh,84
uEulS,28
qvVek,64
NRMHR,63
nYLCh,89
VJfnb,73
vtQsm,22
tebca,97
FJfcs,86
CInMi,98
LfTAt,81
OcLry,37
UBYWH,22
xTfee,72
mAkCg,82
tcmja,26
xKCze,44
NtMre,90
PwROy,69
Apgef,90
aCbsG,93
GksDh,51
NMdvj,92
FuCCa,21
QNess,28
YnTMA,28
BaDQm,38
Ipdrq,74
BSnre,40
MsUjf,72
iKxsr,70
GxtiW,96
RlZzL,61
eTXdq,76
YMomY,74
BESlR,24
PJzdH,97
uaIOU,99
nZBZk,44
xqvXn,33
CHcrp,85
PcLic,35
PEpeZ,66
rZUUu,18
LDhHJ,51
fgeoC,23
EezQY,25
gjuhe,54
RQECO,70
HIjfd,56
leMZz,65
YXFqi,82
rdVcr,26
UagOL,93
nWvCn,49
yaHGw,86
fctAM,34
vaHhX,74
XPEDA,59
foRnZ,96
kcslY,58
vXQWE,79
pKzeP,57
sCIAq,56
BWcmf,49
hldUT,21
wveVu,61
WZaMf,66
oahFY,80
RExPU,55
MbCEp,44
UfGed,81
Fdfhb,94
ooJaP,59
nGvRw,84
mctPU,96
nJSdF,59
lMYIr,59
MDinO,46
PIasL,31
IrHDI,32
EmjjD,92
AhpQI,42
rwDmb,33
eezVq,44
WYxuw,19
nJXaW,30
pYUjH,63
YOKek,47
YlEEC,86
bEtQB,69
csXSh,59
CEoCZ,93
zNdju,21
WOahh,60
ljZGQ,24
ejlWH,37
mDsfO,73
ieyFu,25
uzDrR,68
jOZfq,91
WZGNA,99
VXtlZ,84
jvZdJ,48
Npxxe,95
UONDe,31
UpzOz,21
fdtuX,73
KnNcP,60
HlSIq,47
njZbY,30
isOoE,19
mssNM,98
DOgBO,75
MvkgZ,87
gukAp,50
mXCKC,50
sUOcF,22
oTRaQ,29
fARBI,48
WnHbA,73
ekSXE,31
GKUEX,52
NsCUY,98
tjOdd,86
nMRcy,40
WsEEH,26
YfFlW,85
gbAit,43
PIZpz,71
huZzh,52
Cpibo,85
yrwMG,55
jKnUI,78
stmCn,28
VwhVN,49
evjyH,28
mTghK,53
YNhLR,84
leOeY,45
dgrbY,95
HnEvh,95
DMOXW,83
zqakO,19
TzuEg,27
JbeRd,44
fXbRo,82
iiwHi,81
GzYFw,94
twccr,87
OXzYD,76
ySiqq,29
EkvwG,46
AMVqa,56
ixugf,38
NbEga,49
cKUqZ,59
JsKXT,78
VRcey,19
VBczh,59
KLdqj,26
eHBpi,79
nBVXr,89
TkZNx,48
hvSfl,22
LmuRK,59
ANIrN,61
BsUNh,68
UlwLc,27
AeWMS,38
dkZpn,80
SSUcF,24
udVgb,78
mQIhw,53
SDXVG,80
leLsf,28
uvJwF,72
PUsqm,60
njeZm,40
mVMdp,85
rYrtW,86
tZCTF,26
kONXA,29
ACRXG,95
jNcGJ,70
pQIoU,41
CvJnd,22
ryGfm,41
BbqzV,24
yjBkq,90
YbvUf,40
UfhxH,88
vhtdl,33
SFIRF,96
IiViO,86
zHAie,91
RAyDN,22
zsHDt,60
zZqXO,41
MIvni,98
IfpgL,24
OZFEv,62
Ffljz,56
wcVRN,73
WjEfj,20
WzkFR,61
wjowl,67
cswIz,21
EwXBv,68
oItbD,98
rOqLP,93
ZuBLk,52
clolS,35
LFgPR,61
QDCAg,70
JaJtG,61
FOXvK,37
biDoK,73
mVQqI,22
xotGc,79
xIZmQ,66
XIesR,76
MJHUi,50
ScVvd,98
kDnmr,48
ySjjw,85
hTZQZ,87
fZLoA,23
KNfbc,24
PiisM,65
epvga,83
QXrNZ,94
PmmBN,75
UKkDV,34
saqrl,51
BluMS,64
eUnmU,94
eQGUs,28
RHRJY,67
nOUYH,19
DJeoP,23
DqcaY,45
tkdRb,37
NQFCL,98
jOkQv,63
dmeLL,31
wtOay,98
wLLQG,53
lVnDS,55
gGyRh,77
HykvF,33
ahFuv,60
hDWIM,22
jkZaQ,69
ZdJIV,81
ssNUp,98
CzDWY,45
tohBd,61
ifmfa,49
EmwXN,36
wIbQn,25
BIrGG,44
HQBof,96
mHNhf,70
qAEoN,48
zjrpV,78
lkoaj,71
ObXdV,39
pCJFp,51
jLakT,78
NWnRw,32
WNdpq,56
lFsnC,19
orOpY,26
AKFTj,88
CSASn,26
NzIbG,57
hvUBH,33
QUPYo,24
aQQhc,48
qlkQd,75
pyTSG,42
QsvRR,64
AkiSE,54
lvbtI,85
fZYMG,42
hKCaS,97
UkaKB,47
CqcKb,74
okpmx,46
snIrN,51
zizqB,99
SGiwJ,70
KXhCk,44
Vaxjg,57
RZmmE,75
oDNjw,91
MGkir,49
TBSYt,56
iZZTa,75
MllUZ,33
BoAFN,87
fosLU,23
bsLmj,88
bfuev,22
Limfc,88
Muaqh,58
jjVox,64
lpmdb,68
huJlb,33
Owgey,86
YZGbu,29
HSSZD,60
nJfyd,87
oBUQa,32
xYZvk,94
bPwNq,44
iaLtR,73
YANch,45
FHcAn,45
FMJzK,42
sGXvC,100
ttmIT,74
jRxdf,64
JJuvb,55
bDqsy,22
FRDnk,91
NTlDv,61
PJlfQ,34
DQsBF,55
atQZl,77
fWfbH,55
SDtMy,34
QhmwV,39
tGLeX,80
YIWMF,96
pzKhW,35
yXcYU,80
FjVlN,97
YBXLt,68
feKKo,26
pyLiV,39
qACFj,100
WnyUc,32
eSHuG,71
XcVQE,94
rTyFG,56
zQwQb,24
iaGZR,84
HGUdF,52
ConpG,28
QMqWO,21
oUMJJ,32
VvYjG,88
fmZuu,58
TiYyQ,21
FOXfU,35
pmAkX,77
VxqQF,72
qBnvY,92
MOSBR,63
lLtUC,84
NwOdz,75
jlzky,44
RpeuY,19
DsDhm,95
ozOTw,28
gmfsl,22
SZsaB,43
jpqor,20
Ckhqq,76
QsPOG,42
lJDUI,81
OzakJ,23
bnuAU,82
kNYIB,43
ZxShM,87
ETmrP,55
fJeRl,68
vQEWh,38
AxjUs,92
vfSjE,53
KWtkE,20
ZDGsw,28
AmdqX,75
UtziN,37
kHMTv,94
Tdppw,65
ToglJ,66
tzkZY,18
COXGC,89
TLWGh,97
GYWYU,32
iQcdo,42
Bikeb,85
kIzKu,51
SSFDX,41
dOwpK,76
bneOo,99
WYSDj,69
Vbmbr,35
opvNf,64
NZdgr,52
tiNoF,66
uWFBi,70
vZZWL,98
pZoHd,98
HaXWH,81
YmoRl,18
lZYMM,79
FgNSd,42
XHFDv,60
XCISB,69
rKaAu,40
kEiNr,63
Xxacc,66
lroIu,35
fthnY,70
ATKUr,41
EmVsc,65
eAOLn,41
qYsZZ,82
qUfEq,48
OJEYt,60
DqVYo,78
HamNt,50
LafIr,76
SyaOc,50
vguAh,98
jaoTO,78
HpwVt,27
qtcjn,64
GOZff,74
RmfdZ,84
yumKE,47
WNSjx,26
RezZD,31
ciECg,46
swZjX,84
WNPLy,87
gKabu,66
vDtJo,96
nbcoj,51
BzsCd,98
miFXX,31
fSYhD,90
ccKdo,47
CRpVw,89
ImCyJ,32
OHXpB,50
GZqcI,23
iJMtF,51
mzQwb,94
XXTUw,32
Ojfjl,52
RWuVB,75
BgtOi,98
GtWvz,44
SrzFY,67
YjDTi,42
cRdjV,73
GsWmE,69
scDIa,43
JnUES,82
qidZU,22
zbTZa,60
wHkVz,24
HKpoJ,40
VnCsc,21
siMsT,59
ueCvp,72
bTBjy,31
AUQmm,35
DKwlw,99
bzVTc,85
YAhJC,38
ghBWU,32
vPqhX,100
tAamy,74
VTmSG,81
tkWpo,44
kQQZZ,97
jTjez,26
MxWnK,19
fyhYH,60
nZAYT,27
LqIal,98
eBCsa,75
JCVIJ,39
wGYrl,84
TjZqS,73
DAasw,50
HKwGC,52
uiMBD,85
dNbSo,63
oKMWg,26
iqVhR,87
lzbnU,84
kPATz,92
dxnyT,95
ioFEO,74
fRlOC,92
RSybe,24
REFYq,40
qnsXt,56
gYeLE,59
EPsgA,63
Lmthr,56
IChqq,65
rqZVy,93
wxDFZ,58
lWHGY,74
eEzca,41
rgiPa,83
xCuOc,39
FNAUj,95
LooWc,92
NPrBl,51
XxXWK,85
OWZYd,71
SIAja,22
XvcJu,57
ilxmw,59
VKGzJ,59
FwbwJ,78
qvSRk,65
jzpDZ,34
jZnfA,20
CZuqs,52
duANX,42
AUbAW,51
qJdoR,59
ncgQa,82
frqnE,46
gDjub,95
deSge,75
xmeLs,93
jecDd,57
AexrM,33
MSPGj,88
Gvoea,70
JsniJ,67
Iwnqe,90
PlHZo,67
lOMab,18
uGyUQ,98
DLFuZ,63
PgwgG,80
tZSxN,61
HXzXu,20
llfrG,83
SIJvb,33
hopBr,81
ehywg,54
QIZTF,56
XaFKz,25
WvIiX,87
USDLK,91
qXsKv,67
jcReb,90
SbQkp,28
PgcYU,21
pXwCZ,38
gGCfm,63
qGWfG,39
gUNxa,23
xDOfY,62
rafzl,74
eNOVg,50
EgetE,22
sAqia,97
WTrgh,56
ckDqZ,98
qiPYR,84
bXYgs,81
pONvn,43
PeTsY,40
BqnmL,28
oJzWi,21
MUwyB,28
caEbI,39
btfqk,67
cPQUy,46
rclMN,57
UrTiT,73
wEhAw,69
JgYQm,98
xJFsZ,29
gPExo,26
qHoYv,51
ONhKR,76
AkJoT,59
oBhfZ,48
SJhIz,76
gnfYd,22
tZynH,84
Elnqw,49
iXCLQ,78
yCcuA,84
jljcC,45
qkUKk,47
dMreP,44
vzxOY,56
QpZvJ,30
lYDiT,51
uRKMO,83
rlqxD,31
naIcy,40
MTrPZ,88
NONGN,52
PKwwS,91
rcKvU,63
IycPC,68
hfTmk,45
MlZVe,60
DRyAg,72
mSdqP,47
KZGJE,84
fgYaR,93
IZIUj,66
GCoHc,97
Dozrl,54
ODrYn,51
KJApb,31
gqSdz,19
LHUaY,52
UDMiL,80
KuZrA,43
dCCel,93
kbcSX,64
BhNgD,82
bTArf,68
IZKmS,53
fshmx,40
aZdHm,93
szUKy,79
bqVIr,95
kRxzE,81
mqvoF,26
JCAqV,57
FNecG,40
vKDvO,91
MqDDP,100
HZbYv,98
oiOLa,26
ueaKr,38
QHPdW,91
NdwZt,97
GHWLs,68
aiOZO,31
HwowQ,74
eDPxV,65
sOYQC,66
MtCpE,22
UHyKK,41
zFMiF,28
LgJsB,40
ixAcX,48
QsWFP,90
NQKxi,38
eauWI,80
XgnNt,77
dtfjI,89
KWnbl,65
vPVAU,94
qbSoQ,78
tfbCk,89
XjXYq,19
rAYfD,98
tQbEv,31
oiGbG,44
kNhAZ,22
Cncmo,71
nlqPl,98
RtQIQ,62
oVTls,66
kHFQD,95
SwFdg,85
byAGB,79
WZTPf,60
cFMHy,64
MNkgU,54
SeClV,64
VefDV,43
nSycZ,74
Nanef,63
rpIBj,55
JsCuG,64
MYpwS,43
neoEK,23
KyqgD,25
jBIJs,45
zikHY,67
nwFXL,99
ETiXb,98
CtrDg,37
efszJ,35
IDtWd,92
luXyJ,95
LmJpb,40
gfFTT,19
bKVJL,48
xKYkQ,26
BBMBW,39
IqKSf,71
bIruV,67
EumbZ,84
DsaUY,26
EygAc,31
WXSMI,45
BoUdw,33
JuDOr,31
LTTci,19
dHMUE,64
tITLM,28
TcJmq,94
CHQNe,78
ntGvy,70
gLKRU,73
dVQej,54
mTsOu,23
CUfRX,68
QzIzg,32
KqotF,67
BxVTi,31
YWpon,57
bZgBM,46
lKkBK,36
MRVXV,38
HnZym,46
hlZnQ,43
JeMsz,70
rHOpB,30
qnygj,27
zzhcP,70
imcfn,39
UfSNm,68
jukKo,72
saLtK,58
KszsL,79
glKfl,62
zseFZ,65
ONXdq,55
CbfzY,73
DjIZp,86
XbTWL,51
RtLDB,83
PAOph,74
HBdMQ,21
cplCh,51
cKlsn,45
gEXML,41
zXDpu,90
olrJB,37
rFALN,20
LchVy,19
jnXmX,48
AQIbi,53
afqjK,90
czRtx,86
nWBMv,37
PZKPw,92
xqKeh,80
hsoRy,27
bnoKY,32
eRJIa,86
PpnEe,90
uEEsB,56
Wjawn,96
czHpF,49
rVYEL,56
crmAs,32
MsTsd,48
SHjYU,87
ioMDL,89
Koukf,43
PISrm,58
SmLlf,51
RmqlS,56
RfXND,40
mVqka,67
rcBOg,49
Ulpxm,19
PwTnl,96
QnONY,75
hDkKn,55
pfhjV,29
PmYxz,62
luBbG,20
zAIkC,93
zhoPZ,46
LNdHr,63
tMaNO,92
JRelB,35
euCdK,44
FvxCW,62
xvYYh,73
hxvBT,75
uyHls,83
lImLr,22
Weoem,37
QXsKU,25
jXjNj,65
GDCbR,68
mePdQ,42
FTYsL,48
LbHVl,59
eFKbd,51
Mmhvt,36
pMqLG,59
DfFZx,62
SheXK,55
btLhB,52
lrkto,28
MzWka,55
XmtEB,54
LFUwv,24
Jcoig,47
iPQxJ,29
jkpAK,91
nPuWB,70
HJGGv,99
zhVgh,68
WifTD,93
iklOb,71
REjfi,65
ExhWs,32
wLNjj,75
YzXbk,30
QBWdf,72
DppWZ,94
ydqFH,48
UUOym,30
BiYUh,86
jjfHd,26
qLRrn,70
cjqLJ,53
oGRDP,32
cbSUp,76
MzEGK,76
GQuil,98
IdGvN,45
RieiR,83
DQLwg,25
oWDOH,47
NqKjx,33
XoppN,55
aqSQU,30
ncYNs,70
bVSNM,57
nbJKZ,72
NSDiV,19
UaXvm,41
EjYeW,87
edXje,81
spZDV,91
boLPQ,24
jqXoz,35
GoROQ,86
BPzqL,55
lzCze,74
CWFtV,39
FEAzW,33
yCiTY,34
JBpOr,84
LGSHx,19
vpXSm,50
xYmiD,86
CkKnG,60
qUZQF,45
zlYji,68
kuDAf,18
Likwd,65
cRNGY,70
myKwC,25
KwjsK,47
GyUFn,74
ELOXe,75
Uqxot,38
QCEUV,68
ngPmL,31
ifMwE,95
NaAyv,33
hFrea,95
yjGlb,60
ifjxh,60
mZgaY,90
ZjRij,24
csjNb,58
TKwVL,83
ALbwV,97
ozRtJ,48
agSxn,86
XsyEp,18
badVj,32
DGfhX,65
KoAmh,59
cGumm,37
kDQRG,42
gYfma,27
HKZgi,58
UpdCN,20
uJvdC,28
BbKhg,47
nTflD,22
HKIpQ,38
kUVcm,72
gxhWC,100
JvTvX,66
YUanK,28
UChUI,67
FYhPz,33
TLfuv,89
jpNEc,43
omfbS,59
qorjz,42
SSmZu,77
ICxjl,35
AqNMm,51
AjZMC,79
qHuVK,69
BrPLn,97
zhyBG,60
CkVWV,44
AYcGV,62
YNwNa,30
DUtTX,83
cQyyE,45
PYXYH,25
kyTGZ,37
zUCHw,100
dUels,63
nTrsb,96
bfuLH,80
naxFw,74
dXVJq,69
LApFI,53
lSmWD,69
VHTaG,51
kzYXH,24
AYiWd,98
swzxi,99
neHgN,89
tfaMS,93
kESPQ,30
GwXoB,79
yMMSa,76
rCqQC,80
JUwJk,36
vIKpa,100
NSDIT,72
dGZXV,87
koWRq,92
BhAfi,34
klXbZ,69
VGPqC,68
yzEzx,39
MXtWF,74
ehjzJ,31
Qgfbs,35
jRjZJ,36
puBfU,57
tWiLp,99
tAftw,58
HnGdq,52
IZrrb,92
hsVfG,24
WouFD,98
UpzrP,58
jIBMh,52
tGWJz,25
MEuSY,79
lNAll,79
gJRMg,87
VGJiG,91
ZUUgL,100
UoIWZ,69
xgrwz,65
GfpRN,33
upnFA,33
pJscc,60
MoUgJ,23
VpnFl,78
miXgi,18
tCdJz,91
bprLn,57
nXbMc,32
FyMpq,29
BOiEb,39
efHAe,75
XssCH,54
cvMek,60
ExQdN,41
lpXeq,89
LxpVa,90
HJlEi,35
xjBub,27
aeqEx,73
ujOpX,36
ReYSs,97
CpOmU,34
YYvLd,72
YWwUf,41
pedIe,65
bdCQM,78
uLbbl,52
bEfEC,83
iAusP,85
ynChA,25
KMneF,19
iUpAo,88
GYnsL,88
hBQEX,55
nMqpR,86
OCMdz,68
bDQuJ,43
prVhk,96
CXeSh,42
oRogP,94
ZbXxn,43
ZwkkG,32
EpqGK,61
EHgUk,24
SWBfd,66
YtoPq,38
lcbyM,54
FfPJR,27
wfAdn,78
VhFHm,96
vscEc,26
wxDjc,59
xZJgU,40
AXzEA,99
cYsRp,19
cafdJ,38
ljmat,40
WaXke,94
UCKoH,51
Kopgb,99
DJcSG,49
EThEe,82
NBACH,87
wGftI,77
aApha,23
LGpJZ,58
kLhEj,93
BIbKi,43
REOWw,38
oTNjK,20
vGOVv,42
plGGQ,56
CcEUf,41
afPue,26
mLayO,35
hiqSY,49
QmVkZ,67
CRovr,85
JyycM,63
WexxP,26
UWZeb,74
PHNVB,83
nQYGp,93
gxNkn,59
epUMR,97
SWLln,30
fVWxi,81
Saokh,75
NFens,35
gqQGG,41
mssFn,58
ytwVl,24
LFkWM,45
HEnDq,34
nyQGD,21
kbAvJ,57
jWimB,97
QEkRn,41
JdJtA,80
ttTuQ,24
DLsmt,78
RJidT,31
zmKtb,74
txbVl,53
bUPkW,59
AMVwz,63
JIPzY,62
TPgvK,70
KryBQ,57
oHRIr,31
zObpS,21
iGyeh,41
aEoTr,61
OapKx,97
BAfhD,65
IdZoZ,34
rhkkn,100
LqXYI,54
cYAyp,88
ijBKi,92
ATXUm,73
UVfpI,31
IwAFV,95
FksEH,51
ArXmd,82
MUmYf,80
QyuKB,70
nVizz,91
RLrGz,88
DIIdl,85
XvMRb,52
cMzgO,21
Yslyx,87
GWrAl,96
uhKXJ,27
CfePg,28
fAqhN,76
mhWue,82
yFVCf,35
VEszq,67
seQVX,87
yQYrX,73
Zddmm,36
sBKlz,36
pZDwB,30
rCPwg,85
AVubu,51
FieSK,64
EULTk,60
ggYeb,77
CidAC,66
VgMGF,65
rrYjd,71
LzNzQ,95
Qshom,98
LHqxG,39
TATJl,79
brHux,23
pKGZF,29
aEBkH,97
ZQcLW,80
dzhMz,30
FvzbF,29
TLwjT,36
AUPNS,90
HKERY,20
etchx,32
yLSDq,28
MmynQ,77
wOKJO,86
zUrWd,63
eHnsN,94
uHiYO,88
tZOii,20
lohrO,77
gGBCS,71
nMklZ,37
FIShi,81
itxqd,75
suLSl,47
TTOdY,46
yKatK,55
JMCEQ,26
eHMND,40
OwLRO,51
DgTbp,65
VPeFE,79
fEAlb,57
XBfvl,45
WXPDE,21
Uwedx,53
QbHrP,40
KQYik,96
IUDRy,20
PvOIu,67
txAhW,48
GkwOw,35
CxBNz,30
KmEca,22
NqMqa,88
zGSSI,58
uDQIX,89
CcBbY,98
lFnZj,41
APqMi,63
emsNF,41
FZZoc,36
vdnvS,96
zcioS,46
dMDMp,100
XFTCx,92
cAdLt,65
JSOYd,19
gBzuP,21
UYXKJ,81
FhSCU,33
jrawT,48
dhmUx,31
KdRMz,31
bJjed,49
nGNPI,82
QgJCR,25
FPDkv,93
AnMMd,48
DhKhX,48
BUAkR,62
SPEnj,54
DpuzS,87
cyfJr,94
BlZiX,93
nqIij,23
gFlYi,56
HfWLP,83
CCpvT,29
uXNwM,59
NRYwp,54
mRZXk,49
BTAUS,52
srSOr,83
MmQNY,79
jiJRF,35
YsKLN,87
jRaPc,26
prSmj,59
RjXZs,81
YQbEp,82
QqnlZ,84
DsDme,93
bGTKo,19
ZyxnL,67
XXuqG,28
kKiQp,91
EOsOL,94
BFeOt,48
UFjzJ,65
pvztJ,44
SWrnT,61
czuZX,62
vrkYh,92
cKNzf,84
qqONm,71
QDQlo,39
WeGST,24
gUkEj,56
lEsyN,66
CgxCw,76
WtRBE,89
aMBah,74
BFkWb,25
DWaqN,89
mRvKE,92
TXYga,86
SLIiT,51
CCRBw,71
nsPbw,57
AqcFH,39
tejCF,68
rQaGa,49
yieDp,18
oLTbD,34
Vsaqt,65
LtCcg,24
xHyAL,74
LJgHE,19
mNhvh,89
OefIe,61
ejNYm,72
xICfl,27
fSNTi,92
pYGEB,87
uHKPB,19
xEjMz,41
vhPNU,80
jJTFQ,80
aXDZw,35
iUTkn,36
DFFwS,51
JMTMp,100
IodNy,31
dOABy,95
NkyMX,21
ZlAJC,34
hvedq,92
CddRQ,37
dwNiT,98
nGRCm,53
xxKTr,51
YcKwp,66
ZaxbA,69
xRqTV,92
vYGNj,96
JgyrF,93
IcWsK,48
zKAqS,69
GAcJy,71
Pdezy,25
ESLzp,33
QPJrI,40
jVwQI,92
nkKYK,18
ZikVQ,31
treqE,43
hnVPa,24
wEKDF,100
yzFSd,82
lBXht,80
iJLth,18
dWAoo,18
OfOXF,90
btUQX,71
kZLYG,64
IGDpK,65
lUDcW,67
JRTou,26
ufzDC,32
eoguz,24
jIkKI,73
HEnRF,38
IGMtF,45
kcOLm,81
puJnU,36
KGmCO,100
HJCiv,82
cOZXX,87
zgXqG,42
LjRfW,75
nbPnX,88
RTpHt,42
KuqHa,99
HMhdS,78
wWSQn,21
MMwND,76
BlAxL,97
DCrUP,74
lZBWh,98
lrevZ,68
yXwBP,85
qHhfJ,81
JUnzY,63
HBUCe,81
Gfsml,29
BewTa,80
mcaWS,60
TcJjl,78
HkQvg,56
HLKrN,26
dJwmE,87
oabQk,24
lqgoE,31
KBKUD,34
JeroW,52
vDpoc,93
zMjph,21
Zfskf,55
NCLib,55
aQiAi,65
mJOnJ,43
XxMZl,66
lMwMd,88
uLZkZ,35
JOwRQ,63
AlZbG,41
sbxxr,49
WVivt,65
whOWN,79
dZSqE,78
Llqxv,73
MMFYP,73
rXQDl,94
hgXmW,61
hLeSG,20
uvWVF,23
gOEui,30
BWhlj,34
XHXKk,75
XaiFW,37
Fvrhe,29
SkgEx,18
zunxy,21
pPuGP,92
eLTlA,94
IbOiy,48
IHFTj,50
BeDtH,82
rhEcq,34
cTQFS,86
oKjNu,82
VLmLM,89
YXEyu,36
bgrVW,81
bnWBM,61
MSSqD,18
zmtdz,22
eXTJs,99
ICpLV,58
EFnlo,32
JTSDS,65
EDXhp,29
cxzlL,43
fXiJS,20
vGUQt,26
PiBnT,43
ojzmJ,89
QFhkj,75
cPwEO,87
AggVT,93
HcNBX,86
SqKQg,22
QwaSf,90
QcUwe,78
kFGLN,89
OEYTX,91
dHrZR,65
Gctcl,35
gPlVY,74
ltkli,61
snAWI,79
ZsUWu,27
zZIcB,58
xCshq,56
PPjsm,49
UrvIQ,59
pFQhf,73
MzZOK,82
LEgbY,86
jQjAj,37
vBazy,25
IFkio,99
pRtjK,96
dKsdO,97
uekAY,55
AiPrO,83
HjRql,82
mOKON,79
QluOu,35
gOFqi,78
jgyaA,80
QZfIx,97
GKLtI,70
gpvso,72
bDBpm,64
XayIi,58
aFlrF,36
Owwav,51
ileMP,66
uzqqW,34
RHKfJ,57
NTMTf,34
uoqnZ,76
smSHd,73
gkLGl,18
bmSMq,77
ZeFQZ,96
WBKaO,78
WkNLS,30
ZfbDF,59
xDwHn,85
dqHyM,78
pLxuQ,96
eGhlv,20
tYwqw,20
XNcJf,43
LtOjJ,80
cZdfR,65
ZYHit,34
gNgBZ,83
ccUjU,64
SlBUa,72
yEAUe,81
ohIvm,79
TxmEb,45
mVfms,44
bGPsK,95
blcwA,64
eKGVj,60
bIgKj,41
SrWNh,90
ewKxr,35
wQyul,85
YLlkv,77
MYYlm,21
mOULr,94
igGGy,71
rvSQO,96
rbqko,71
oSClr,79
kDCwg,72
vrbYT,47
nEcza,37
aHmLt,83
UKMso,72
ulSeI,99
HDFFN,92
eMFli,60
DxmFY,34
zKNSe,94
HnGZS,23
INzSl,24
CbnbB,70
tQXpq,69
iwnOa,75
WePya,98
aFHOD,99
yVdTG,86
kHezi,19
NmvRx,74
eEWCL,30
gtlhM,40
tRxgy,80
avnKu,66
GeTMo,87
eFKWT,92
vyUoH,66
oNdAz,77
NUurx,90
ASGNK,37
ZCwbK,40
Txccr,54
GoSHq,25
PRXJb,74
TQejN,26
CGNXT,29
yMlXy,68
kuhJE,62
DcEBr,28
lMQQp,29
WDiRV,40
wDcIu,29
feEqf,82
ZrNHg,45
RKWWQ,18
zWtaP,56
gqeRC,66
KUhTH,42
AdLYB,66
wlphe,18
NjQXY,44
MEbKe,82
hvxZD,97
AAWJF,27
ahcfp,62
lPRkW,55
HjJiG,50
erkiO,62
AnFQQ,97
QoTHn,87
aZJGe,96
ZbgOg,50
Folvs,76
xSJNS,79
fSyKR,47
FtdGi,27
VjFcu,66
OEozA,79
TDGXJ,54
DiPWo,67
teCpG,81
YzSyU,36
SUVsU,96
FYDUD,89
GjXCf,69
ccboz,40
WEUCd,100
mjFDL,59
SvxUU,70
BudPP,55
qMAls,54
ORZVf,95
GKoEU,40
CbxTw,32
JfSaI,45
CgiiR,45
zWTRk,68
XGANA,57
UuQMg,89
mNQoy,50
EECzt,58
ClqZr,21
sMyMM,25
VDaXk,56
cjzWY,58
eGzFD,75
qomde,76
DExYt,54
sKuOL,58
pZEsa,56
jbZAZ,34
WzOVX,65
xvuQi,69
rKZND,96
fIJkT,100
DSDku,77
iTwHq,66
jVolg,49
uQTMT,94
iXIiP,33
Lgccv,95
iHrqX,48
VmBTe,30
RPhQM,58
FXQnf,48
lsKNQ,57
FjRRx,74
jaPTq,20
WCoMQ,28
uQCyq,69
kfiAb,50
cqrpj,86
gpfKJ,99
AYfAY,94
JeLdI,42
BMSNG,49
cHpjQ,53
lDnOr,88
DfgpB,100
JrlqY,55
ciQPS,44
rjdLp,82
PBTsq,38
xSuFy,38
FwlyM,23
aVvjE,90
PtOiU,30
pnouu,51
gFLYG,74
kDWts,18
aDrHP,84
lnMMa,59
DNhzN,68
nRwPE,72
eZAlI,46
xkIwI,83
milRJ,94
DmzxO,24
DOZZN,78
oWmnI,43
btyRM,47
sNWtU,80
RwZiI,91
igUzo,25
OUzev,70
xPHwA,48
xPacQ,70
CJCbu,19
uDTqf,19
MjlEm,55
AjEQb,56
JgPdM,76
ORDFL,72
BuhCq,51
ueSzm,66
bfIcK,56
csbAl,80
ofmvW,41
XeGRk,61
ZxobF,29
GddBU,62
LrdxH,43
vgspX,54
EFRgt,31
EOkKB,37
LVKsy,40
AYrPX,63
YMcWZ,90
JHiHQ,93
miUzb,52
wRGFx,99
ljrVD,89
IBnWU,27
ZiOXT,40
MuPsB,54
LbiAF,43
NfuNr,58
rxiEb,55
LALmB,18
JHuFQ,46
gpfSy,55
PgFyj,66
kphmX,24
jroRq,21
BjWnF,31
DuziW,90
RCBrs,98
mBIpQ,30
pQSnA,67
pDlhM,78
ENJny,89
gFHvU,55
blyEJ,100
mwuvV,45
cHutJ,24
asqPr,98
xGuGa,92
ZsCbL,88
kjBFF,62
faxEy,54
KKqTL,65
RhcUN,20
SyNiB,27
NPHvN,66
zSvFz,97
HxzKr,26
JeLMy,73
UeqKT,83
iqGIT,97
QxxPo,71
nfepQ,85
emdVc,46
oYjrX,62
oeMPf,88
qOGeE,68
PWedU,54
CZzav,24
UZINk,76
SQEKn,47
yAFnG,92
WdCRv,88
xgxNY,91
TpfhE,38
kZRrP,93
CIiPR,68
qQklq,76
jOGDb,36
HgLLQ,92
wTnOQ,20
rISIy,50
kNnBh,21
ZkvMO,79
LYmuj,45
WghaU,61
nLJdz,97
hxhWj,91
OCVOO,32
AatNU,61
nyrzE,33
efVRC,23
trjQe,76
kEDwz,18
XYLjs,78
QuzPU,47
vEcTZ,80
HENkl,65
Zosva,84
naUVs,73
WPOvB,42
bQhMH,19
TxCLO,27
NwUOv,66
TDiRf,57
lARqa,45
XtWBH,71
bzVyD,35
Arbag,39
FPPAX,31
SfxEn,51
CPgCb,30
LqRSu,69
MaKZw,41
apaxE,29
pvtoT,40
fjsWa,83
SpMCH,54
SjgTP,96
AGkrM,97
BSgWD,19
xYRRF,57
IVcBe,40
kdIYC,70
RwyxA,53
ROGXV,74
SQlta,99
OJNsL,73
xkWbY,99
oLado,20
Ogypi,49
HkSBC,42
lgctu,37
hMMJS,46
QDRhi,51
Ngxxz,60
Ogrxz,36
IiINq,47
TDpiU,38
JvnWd,58
ZXbUu,26
qGYCY,44
fOnnl,21
RQWlp,50
mHLjV,55
RUiuo,23
OTRqH,50
fCRaY,87
ltSfL,77
vCUBs,82
eJBVq,42
fNCBB,56
QHthg,69
AiqgU,70
khSaa,27
bxCNz,99
iTess,57
WYHNu,44
JDcdi,56
jJWPs,86
WXXln,28
SdIfO,70
cBglr,78
MTBKV,65
hUYTB,86
VnFVD,80
NuCbT,64
TaxJA,60
FIiaw,43
jdXUZ,30
xgqpF,85
vRFak,51
wZXHf,19
BRpOT,30
OFpLt,58
baVxq,39
ifBFS,62
garYu,64
TVLJW,40
aOYOS,64
yvyiZ,45
NRwyn,58
oTenq,96
gZOMr,78
cadps,67
PHTku,82
YrjRp,22
sDOkA,32
HDWhE,27
DDEJr,100
ZIYrf,67
KQmUO,75
oaEct,58
gHknY,55
McIGu,22
mgcLC,94
PqVEz,37
Pjhwu,63
fFhSC,62
KIeQD,65
cTwke,37
Bnfvm,55
gLIpp,78
YMvaL,25
jMPyy,56
YOjFQ,69
VCdLN,56
QXeyS,84
lzQAE,88
bnari,92
EXwMG,75
KBCXo,49
BTLEr,62
MjwnB,65
MZDYC,72
FrgFt,61
kanhU,67
RHQtH,79
klZcP,30
TBvPK,19
mzwNT,92
xHFVN,37
JsZLz,53
cEGYK,67
bwExk,34
GhftU,96
QARaI,96
GmPQI,82
tbewb,59
lHldk,20
OeyJc,52
bWclH,32
MjYUP,72
KfJtt,38
NZpnV,35
UbRgN,98
ReFjc,72
lJRLE,23
esjrW,38
ytOas,37
BDydl,91
oTXNa,36
EPteS,96
LeBxt,92
kUWfU,74
MFPqn,89
dvvtf,21
LUZjN,91
mmCQq,89
zZHvU,20
iGUBU,35
AsEHU,25
JIYCH,47
jjQnm,18
DJSoU,94
UYKBg,29
xDDQT,87
YhHTz,20
WsEzn,87
lPHpS,33
TOMON,32
xzUWd,51
PuUfd,64
QSnVm,92
nfMtA,25
jPwIv,69
AmNix,35
kGiVn,81
ZFMUf,83
BLkNt,64
saPxX,99
jCopH,44
TsFrM,64
aWWuk,59
JZeCX,58
NusBm,82
WtQLp,32
bEUyC,90
Dzrna,64
Mlxzi,64
DHqzW,21
qnhjY,80
XUWWh,23
ppeOO,72
TgKul,64
faOij,23
svNJN,28
mFgNW,26
kreDX,19
bGKuf,89
CbUxz,37
CSVMI,87
uKQXc,48
iweoa,97
rpGeD,89
WXEUa,81
jMCos,96
BsWlt,70
tPTKp,68
zzRMM,77
KEXYJ,61
LtXpD,32
sdZqx,40
dWVfT,45
isdTB,27
agkFX,51
jyiKn,33
OuFrH,44
IUXaI,40
kjnfV,18
hDsWp,42
fRppg,91
JGkTY,36
zNyat,78
ANRLh,42
zVXRR,22
mfDUX,63
vGiOp,34
CzBEc,28
oXEje,62
Qnbdq,23
lLmsI,78
pQboe,43
JcsGt,72
tsSJt,56
ktsqB,58
UzzmA,47
NedfY,64
caoWh,51
PluNd,49
Rqkcl,25
Namgx,63
FDLmt,37
fZhIo,81
mNTxq,73
QMCNg,77
rvMpL,19
dkPlp,96
SxbSn,52
lxZxv,93
ouDJM,37
PUkzJ,33
wSMSz,51
FotyT,47
KtoNn,60
snRpx,69
kjPUN,53
NBIbz,63
qrZcH,63
EOUld,19
JAzpJ,44
OLGMt,38
hFVyU,79
zluOy,21
AecKl,83
VWHJU,81
wXSXS,68
OcgcW,91
wqVDj,90
fgiEr,42
eJTFa,23
yTasA,83
QuCVu,53
xMVoo,96
wdOCq,100
pLRRY,83
Itpof,60
FzXkJ,59
QMYfK,57
UcasF,64
ooAbO,74
whLCc,89
cdVQp,49
hNelp,76
rQDig,43
TzeTV,40
HJGnQ,22
RiZQN,21
BXuxm,38
fHoxS,82
WCAUg,31
WvobA,28
AmPWh,59
szVtm,60
QxjuB,42
FLlXo,99
hCYtD,65
ALHIj,88
pCdMO,25
kNpKq,78
swPda,57
WRHsU,80
hCgoN,37
zfpYZ,99
mDHhs,21
VtrWL,29
npIXJ,28
DUdJs,53
TmTmp,55
UzHfP,90
GfBNS,64
WTcBu,84
dxjOr,24
wyAti,28
BqPvx,37
mAJyj,70
JLbYO,54
uMTGc,39
PuWoq,32
dYRgh,54
pxECo,68
TMZKb,66
EBnrb,22
reKqR,60
fOujD,32
cGnLn,95
prRwa,73
fDWEA,63
OWijH,37
icibw,36
EDtTd,50
rEiey,78
iWiNR,100
hMZsP,63
jydsK,97
eRmRR,27
bdLym,52
nnAKx,66
yQHyg,55
EkYzV,64
VDljw,70
cGMHS,69
tyrOO,60
yYZEn,65
HhTVZ,40
DQWfT,22
gGgkl,86
tINOD,67
arowM,34
EsfBF,96
MsxWt,99
zscTp,44
iexGi,19
ftEKH,28
HQDet,77
qLPqf,59
cfloy,89
JyOkE,43
qOmAe,91
RasPe,51
VxQGj,47
ZiXNn,77
SQAIQ,28
jdRTa,46
VyXZy,25
NEhtY,48
QGxkX,23
NorHT,71
fmKvc,46
wywmK,55
syRZw,62
guqRA,27
PwTNI,42
gEYWJ,77
CuPut,59
epwDM,62
cXmIW,36
obztw,30
jpIxT,91
FmZTg,29
ThtFl,59
ucNhK,33
RNGCB,22
cTSsZ,79
yswUF,78
awiUX,49
uFsxC,56
spzDG,26
IDZCu,70
XLUrK,82
uYlGb,32
aCInG,60
IdUCR,53
GVMTH,47
xdRCN,27
xnSWf,50
JhKJN,84
EfZZg,66
gINcr,62
tGwGL,18
YCIlf,65
OSdkO,44
VaEfF,69
xRjvI,70
bJjsG,34
ZgIMP,41
GHXuB,40
qbZIk,37
plmwW,29
ZUjgt,68
QMWal,69
CGYGq,29
ZMgkA,37
sPzoQ,59
BHePy,69
zEAar,20
bmaYv,73
wCQVG,44
YbEYu,39
zXOmg,50
JIQzK,83
lvMQV,27
XffTb,67
fYnhD,56
JQWbf,59
nqvqq,89
EsmdZ,26
NHDOz,70
CXSli,20
xYlMJ,95
MJkUo,88
Hxhrg,89
OxaHp,99
oQzVW,66
nYteA,32
YfsGI,74
ZhqHN,21
kAPcw,76
ZVoSx,34
ypNAo,45
XnOVo,89
YfmKn,40
IFebr,50
sowPY,95
lajSu,58
klgHa,21
WITeV,74
oUzqc,96
daWsh,40
qXHcQ,62
JfUFm,43
gnkeH,29
tWQRg,83
GGFyL,95
qRVwI,34
jdhqK,25
hYnWR,88
lofHl,28
pStky,92
dkLLZ,32
jClcr,48
KLAPz,99
RtZVb,42
vatMh,74
YSCGZ,86
fTCfk,55
XaJFX,36
qYqnU,89
PNebj,43
cxOBC,55
wkaZQ,38
WZdHu,46
Ahfnv,49
ZplAZ,18
wcNAY,77
hhxjf,53
bbLkj,28
BAunW,27
tUhNg,26
Vicao,93
Spoqr,46
PIxqY,70
MFmVF,77
PnFkz,27
UnIzj,59
UPwuo,77
PaOpd,47
LKooD,51
gchGU,100
VrSrj,59
wPaLr,85
QuwBJ,61
JboRt,92
CjaLL,94
rwvXs,29
LkQdS,23
eoPaf,39
VnaGN,44
aYuwk,85
HWtnb,75
lCQHv,68
RIOJE,58
iDsfz,93
wFOsK,64
vAGrd,84
kJOiw,29
DqQsm,30
Ngcxp,91
PILNk,52
zSoLI,22
qsjOP,47
eHvkB,91
FgRwU,90
WSrzm,36
Fwpyw,54
iMXyf,48
fQigk,63
pQzfx,89
SRKQD,39
uhluL,20
dcFCr,49
Yrnzd,94
KfPFP,85
oQwsO,31
JScLo,45
reEpM,35
AyCdF,54
cWGHL,32
lICCW,72
bLTCx,76
veaat,53
PzOYy,66
ElauF,61
EFjML,38
mwpHk,95
GoJuu,31
tlUBK,94
OVPDN,89
xfhIS,65
Acwfw,99
dvEjj,47
mlkfE,61
GcJfa,20
NJmLs,66
ZhalI,66
HlWJo,92
HHfpX,18
KdxaN,23
RZGyS,74
gHaPO,88
DUxtG,67
SXdIZ,89
WNVks,85
gOlBs,93
xeiHQ,100
iSDqs,40
LEBTz,63
toODm,41
MjMgE,45
zTPBR,68
JFpEM,58
Garoe,32
VTPPs,52
pTvyC,79
BoNGV,73
GdnAf,25
TDpMh,20
nTDNc,49
HIvry,46
ZycQl,42
uayQr,47
Aagiw,90
coWRT,43
MeWZu,40
yZELF,99
hmPmH,78
AYzHl,42
EAkzi,26
FLiQc,62
VuPus,77
Nqmnt,55
WaXHx,77
VIzye,79
XynGL,18
qvdwW,94
vwMMI,34
DTfrF,58
EfBhC,25
VJaDK,49
vIgDC,97
IeTbv,74
POoXA,99
VEeSM,83
XJaSi,51
GlJUF,71
mvkGi,44
KmQKa,65
jcrdY,34
tkPBq,56
TTmub,25
AwFMW,89
LBeQl,44
PMLSl,61
GCfFc,94
DnwKL,93
WiIVC,64
nYvAk,19
hfirW,71
ZaLfp,92
PTFIK,25
kbBzW,72
qLvVo,56
PgTEK,69
KLZdX,20
aTYvl,41
aUTdc,54
ELNaE,100
YVfQs,61
xaQfq,99
qCabA,18
UqwVM,76
Nthxb,38
kVxrR,46
VBwid,31
GVQkS,32
cVVpr,61
PwRkS,81
Xuauk,61
OHjPo,41
tAZoa,91
JwKGa,63
ewZeg,54
xlsUI,49
gUgra,39
HSVxj,66
zmupt,84
QlGFz,21
GHKbi,64
duxCQ,58
adNYd,94
QSBNS,45
AVYeb,30
HvbXc,78
XFALV,54
pKGyN,95
UjlOd,23
eLfgo,61
toFDK,65
hfkfS,67
AQWLX,26
Ulbwj,72
auRVd,44
sIiOT,26
CnTSk,56
wYnXR,35
kxTtr,53
HdJYV,89
uYWEc,67
hzQsu,27
rdKvQ,57
QFXPy,24
XiBKp,75
CYZxn,85
HeYjb,90
WkUtz,23
jLvAu,32
atiZQ,59
BFtsX,55
Cozat,48
IymfQ,98
aGhaI,58
YYfJl,86
ZGUvF,43
vaEZS,82
qxVcK,85
yJJrM,83
UEURI,50
ZwoQA,64
rraIr,36
KcNky,53
JTZuY,97
MIOBk,67
nhnJN,89
Xwuhg,30
ZIxwj,66
DIYAX,30
DpChS,68
pChDO,70
UgIxv,100
IsiHL,50
vgRdv,29
AWMKR,69
katLx,24
TUIGr,57
slBZe,45
iksem,25
WpIVl,32
aTSKG,77
jLWgK,20
vcbbX,38
oXIqb,25
LdObg,77
jARaD,54
cGsbz,98
wbhHK,36
TYGcA,29
wAyLS,19
nDdbP,52
uchjF,100
fzTSp,47
aNodX,96
xMhHU,63
fRHaR,95
iHREB,48
Iggld,43
OoraD,64
vRgqC,74
VWzhQ,91
QZdNd,80
xwsiY,54
HDexE,56
bFQEI,47
iyUkJ,47
TmjQI,27
BawGk,99
mNoek,35
zKCMF,65
HqigO,43
UaobH,77
EeWNF,86
aHBGw,20
RDZDQ,59
oJOYS,81
SITmv,86
Kcsui,89
KooxR,66
QQpCl,65
Njosw,92
yLYBO,48
lgmDt,51
sPIeh,36
SFCNK,58
bllwV,40
AfAfP,66
JPhVP,18
IOKeL,68
bvugi,23
kTKoD,52
zOALj,100
JJyKN,89
HlALn,85
tNftO,49
oHznB,39
iSEAq,63
NWvgS,96
RaUxB,26
UBWPf,70
oVpJq,74
VOKnY,77
aAEAU,44
gLfiH,61
slDIx,74
SVNiD,48
iwEBN,55
rJOfh,63
zPRPm,97
hUUOC,24
dtEeR,89
zitrr,94
RSJiJ,54
sAlBt,56
uQpbz,62
gJLMd,40
ehaws,60
fDfCi,35
XkAXV,40
HxrYu,27
nMRep,42
fHwfX,45
cHyrL,76
eBGWQ,32
CtOtX,72
uFlcV,71
muTQc,56
ylimW,42
rMdsb,55
qrgKR,68
ZAbxI,88
vhHvj,64
EcLhd,37
HwGST,30
lOoYD,33
evpLo,21
LAdEp,62
YZHQb,57
fukKP,83
uedds,66
KUhlv,87
srYEr,56
pBUSD,94
gcDDD,98
rOrJI,60
uWmCV,79
STwPt,98
ZPvWj,74
PHxmv,43
ssyAR,24
qOPBz,96
sGkrm,70
liFmN,74
bvHxU,22
BExJr,97
LguBg,71
OrkJX,73
VZTIZ,76
LbTKc,80
lMRWp,39
cBzOB,19
xWLLR,46
iLHJE,63
bMmbL,73
rDCQu,81
XYxyq,42
VfFPi,70
bTqhC,34
MAfQw,42
CZPaY,55
FfWxF,18
jYfVh,40
fcbsJ,64
TDOcO,71
zwrWJ,48
boeOG,70
GXGnu,64
IluCr,23
gXwiJ,34
LIRTn,23
iIJui,53
UfGXW,77
MDKbr,83
bXkPn,89
jlHZR,42
vkbzc,67
KASzU,21
haBId,61
UQrzg,95
RlqrH,29
IxmKE,42
IiVVZ,24
wxTex,32
iWAbY,83
cuoLy,20
LxeKI,72
JffRS,24
rCcGD,55
huDCl,70
paOYY,67
qjgMW,23
EyGLr,25
lVebU,75
JChCx,61
Rdsjq,47
mZbfc,99
KXcYP,70
GiLDn,57
rrASH,87
omgXt,89
zWQgP,22
MflmD,81
YNvPm,19
DFigD,96
osrMR,92
EouIL,36
xBKmk,63
vLGQg,99
FCihx,40
Usgon,80
POwVb,76
TUDXO,35
CWTJu,68
zeieG,37
lLXOx,81
BLYXS,29
fdViR,35
iaUFJ,41
gSOhI,89
FJhsL,26
oQQef,73
fpSEN,34
UQfaM,40
QdAqa,51
bPkMh,98
rIdkH,99
WkAVh,26
ukVOS,26
WJjMx,32
Tqzkc,82
KhbGC,31
LUpBn,40
xDPEe,30
SKpyH,23
uYOva,73
ibHNR,23
KSZIj,43
fzPwU,32
RRmjU,64
OgnqN,52
yZrsK,78
YhMIx,85
tYjQX,76
ajPSE,80
kepRb,22
ScRjY,97
nzYXI,62
ujkAY,66
UHmen,80
yuKXW,42
IkZVh,43
QFdIw,87
rtPUH,58
NvDFh,78
lWcAU,76
CKyKt,18
tUGtY,41
Xjdvj,72
tMXLQ,88
PVUgX,79
ihfNG,71
WQbkZ,32
igTrw,75
kxAsm,94
IXvBs,56
LtTzA,58
DHOvG,78
PgZwy,24
txplU,47
eIcrA,79
zkQLU,62
BerxV,53
GWvLw,78
jWeMm,63
EgJgT,76
VKzdB,49
JJcQY,30
SmssM,53
uWzbA,69
BQFAF,77
eTbSp,19
rCjRS,95
drEtq,66
qvaXF,58
pSkmu,44
TLeuT,84
jQIPz,66
ewOpR,21
nMxOs,98
jYAqP,39
qDhQG,71
QWbBo,95
NMVQf,79
ONkbV,95
NxcaC,38
zwJgQ,72
AZTHS,38
jrITa,77
rQuUc,85
nydDo,26
Qiklp,45
OqZyE,56
SvCrs,41
ccRqf,37
HBNVF,90
EaHHm,76
NXCCK,90
gCjNr,58
zveKp,93
AzKWA,81
dUNWG,56
NSmBG,89
jjXVy,60
bjFWc,62
cALZD,31
lztqy,93
fdrED,90
lJieP,92
KibED,26
cstIN,42
TMtsO,87
lOtRv,83
PzwMj,54
IZyBm,69
IqcHl,32
GKmwq,66
FJdVK,25
nrRZn,40
BZFMO,94
VXiCt,19
wBepV,77
fnTMA,29
ZligW,51
syhRY,100
vvFQf,90
qFxKs,31
OXVPs,56
mhHvw,23
JYpUY,59
iiYCK,63
